Mes,PDV,Itens,Total
2025-11,Recepção,1,0
2026-02,Recepção,8,300
2026-03,Recepção,591,19479.459999999995
2026-04,Recepção,1149,39442.799999999996
2026-05,Recepção,1060,31425.03
2026-05,Frigobar,1,14
2026-06,Recepção,516,13340.039999999999
2026-06,Frigobar,2,14.1
2026-06,Recepção-Carga de Pulseira,3,0.03